Name,Organization,Organization Email,Address,City,State,Zip,Phone Number,Field5_Text,Field6_Text,Field7_Text,Field8,Agency Type,Website,Topics of Interest,Program Project Type
San Francisco Plumbing Company,San Francisco Plumbing Company,,200 Valley Dr,Brisbane,CA,94005,(415) 664-2345,Building Contractors-Commercial & Industrial,Plumbers,Sewer Cleaners & Repairers,BBB Rating: A+,,,,
Burlingame Plastering &Stucco inc,Burlingame Plastering &Stucco inc,,15 Stanley Rd,Burlingame,CA,94010,(650) 280-4079,Building Contractors-Commercial & Industrial,Home Repair & Maintenance,Stucco & Exterior Coating Contractors,BBB Rating: A+,,,,
Shaughnessy Roofing Inc.,Shaughnessy Roofing Inc.,,1280 Hillside Blvd,Daly City,CA,94014,(650) 488-8443,Building Contractors-Commercial & Industrial,Building Contractors,Cleaning Contractors,BBB Rating: A+,,,,
Fellman Michael Siding & Roofing,Fellman Michael Siding & Roofing,,106 Bismark St,Daly City,CA,94014,(650) 755-1600,Building Contractors-Commercial & Industrial,Altering & Remodeling Contractors,Roofing Equipment & Supplies,BBB Rating: A+,,,,
Hoi's Construction,Hoi's Construction,,2950 Geneva Ave,Daly City,CA,94014,(415) 333-7289,Building Contractors-Commercial & Industrial,General Contractors,Home Builders,,,,,
Rossi William F Painting & Waterproofing,Rossi William F Painting & Waterproofing,,110 Glenn Way,San Carlos,CA,94070,(650) 595-5225,Building Contractors-Commercial & Industrial,Building Contractors,Acoustical Contractors,BBB Rating: A+,,,,
Pass Janitorial & Building Services,Pass Janitorial & Building Services,,961 Airport Blvd,South San Francisco,CA,94080,(650) 741-1487,Building Contractors-Commercial & Industrial,"Floor Waxing, Polishing & Cleaning",Construction Site-Clean-Up,,,,,
In & Out Plumbing & Construction,In & Out Plumbing & Construction,,184 Harbor Way,South San Francisco,CA,94080,(650) 351-7750,Building Contractors-Commercial & Industrial,Sewer Contractors,Water Damage Emergency Service,,,,,
Hargens Inc.,Hargens Inc.,,205 Utah Ave,South San Francisco,CA,94080,(650) 351-4338,Building Contractors-Commercial & Industrial,Building Contractors,Air Conditioning Contractors & Systems,BBB Rating: A+,,,,
Kevin Webb Construction,Kevin Webb Construction,,474 Linden St,San Francisco,CA,94102,(415) 558-9195,Building Contractors-Commercial & Industrial,Home Builders,General Contractors,,,,,
"Saarman Construction, Ltd.","Saarman Construction, Ltd.",,683 Mcallister St,San Francisco,CA,94102,(415) 749-2700,Building Contractors-Commercial & Industrial,General Contractors,Home Builders,BBB Rating: A+,,,,
Casement Construction,Casement Construction,,580 Hayes St,San Francisco,CA,94102,(415) 872-9778,Building Contractors-Commercial & Industrial,Home Builders,General Contractors,,,,,
Plant Construction Company,Plant Construction Company,,1390 Market St,San Francisco,CA,94102,(415) 872-9362,Building Contractors-Commercial & Industrial,Home Builders,,,,,,
Oak Leaf Construction Inc,Oak Leaf Construction Inc,,428 Van Ness Ave,San Francisco,CA,94102,(415) 871-3197,Building Contractors-Commercial & Industrial,Home Builders,General Contractors,,,,,
Avalonbay Construction,Avalonbay Construction,,307 Octavia St,San Francisco,CA,94102,(415) 678-5120,Building Contractors-Commercial & Industrial,General Contractors,Building Construction Consultants,,,,,
Design Line Construction INC,Design Line Construction INC,,442 Grove St,San Francisco,CA,94102,(415) 647-1373,Building Contractors-Commercial & Industrial,Building Construction Consultants,Building Contractors,,,,,
Lwrna Inc,Lwrna Inc,,459 Fulton St,San Francisco,CA,94102,(415) 863-2004,Building Contractors-Commercial & Industrial,Building Contractors,General Contractors,,,,,
Construction Management,Construction Management,,525 Golden Gate Ave,San Francisco,CA,94102,(415) 554-0702,Building Contractors-Commercial & Industrial,Construction Management,Home Builders,,,,,
Fullpower Construction,Fullpower Construction,,555 Fulton St,San Francisco,CA,94102,(415) 563-8703,Building Contractors-Commercial & Industrial,Home Builders,General Contractors,,,,,
O'Connor Construction Mgmt,O'Connor Construction Mgmt,,450 Golden Gate Ave,San Francisco,CA,94102,(415) 525-3720,Building Contractors-Commercial & Industrial,General Contractors,Real Estate Developers,,,,,
Fine Line Construction,Fine Line Construction,,430 Turk St,San Francisco,CA,94102,(415) 400-5265,Building Contractors-Commercial & Industrial,General Contractors,Home Builders,,,,,
D and H Construction,D and H Construction,,350 Ellis St,San Francisco,CA,94102,(415) 896-4229,Building Contractors-Commercial & Industrial,Home Builders,General Contractors,,,,,
Residential Building,Residential Building,,450 Geary St,San Francisco,CA,94102,(415) 474-8138,Building Contractors-Commercial & Industrial,Building Construction Consultants,Building Contractors,,,,,
J E Brown Co Mechanical Contractors Inc.,J E Brown Co Mechanical Contractors Inc.,,78 Shotwell St,San Francisco,CA,94103,(415) 626-4044,Building Contractors-Commercial & Industrial,Plumbers,Heating Equipment & Systems,BBB Rating: A+,,,,
Jimmyjane,Jimmyjane,,702 15th St,San Francisco,CA,94103,(415) 864-3474,Building Contractors-Commercial & Industrial,Designers-Industrial & Commercial,Architects,,,,,
San Francisco Garage Co,San Francisco Garage Co,,50 Otis St,San Francisco,CA,94103,(415) 826-0606,Building Contractors-Commercial & Industrial,General Contractors,Building Contractors,,,,,
Fine Line Construction,Fine Line Construction,,42 Dore St,San Francisco,CA,94103,(415) 512-7401,Building Contractors-Commercial & Industrial,General Contractors,Home Builders,,,,,
NCR Construction,NCR Construction,,1091 Mission St,San Francisco,CA,94103,(415) 814-2923,Building Contractors-Commercial & Industrial,Home Builders,General Contractors,,,,,
Trico Constuction,Trico Constuction,,981 Howard St,San Francisco,CA,94103,(415) 543-2100,Building Contractors-Commercial & Industrial,General Contractors,Building Contractors,BBB Rating: A+,,,,
Cook Construction,Cook Construction,,550 15th St,San Francisco,CA,94103,(415) 674-8264,Building Contractors-Commercial & Industrial,General Contractors,Home Builders,,,,,
Whipsaw,Whipsaw,,81 Lafayette St,San Francisco,CA,94103,(415) 255-9044,Building Contractors-Commercial & Industrial,General Contractors,Architects,,,,,
Desilva Gates Construction,Desilva Gates Construction,,80 9th St,San Francisco,CA,94103,(415) 660-7588,Building Contractors-Commercial & Industrial,General Contractors,Home Builders,,,,,
Construction Center,Construction Center,,205 13th St,San Francisco,CA,94103,(415) 863-3888,Building Contractors-Commercial & Industrial,Construction Management,Building Construction Consultants,,,,,
Hill Painting Golden,Hill Painting Golden,,205 13th St,San Francisco,CA,94103,(415) 241-0667,Building Contractors-Commercial & Industrial,Painting Contractors,Waterproofing Contractors,BBB Rating: A+,,,,
Goffo Construction Inc,Goffo Construction Inc,,1585 Folsom St,San Francisco,CA,94103,(415) 654-5455,Building Contractors-Commercial & Industrial,General Contractors,Real Estate Developers,,,,,
Ryan Associates,Ryan Associates,,333 12th St,San Francisco,CA,94103,(415) 861-3085,Building Contractors-Commercial & Industrial,General Contractors,Home Builders,,,,,
Castle Constructors,Castle Constructors,,45 Norfolk St,San Francisco,CA,94103,(415) 864-6815,Building Contractors-Commercial & Industrial,General Contractors,Home Builders,,,,,
Customer Construction,Customer Construction,,22 Guerrero St,San Francisco,CA,94103,(415) 553-8734,Building Contractors-Commercial & Industrial,Construction Consultants,Home Builders,,,,,
Matarozzi Pelsinger Builders Inc,Matarozzi Pelsinger Builders Inc,,355 11th St Ste 200,San Francisco,CA,94103,(415) 285-6930,Building Contractors-Commercial & Industrial,General Contractors,Real Estate Developers,BBB Rating: A+,,,,
Tcb Builders Inc,Tcb Builders Inc,,130 Dore St,San Francisco,CA,94103,(415) 550-5900,Building Contractors-Commercial & Industrial,Building Construction Consultants,Architects,,,,,
Artisan Builders Corp,Artisan Builders Corp,,771 Clementina St,San Francisco,CA,94103,(415) 863-2232,Building Contractors-Commercial & Industrial,Building Contractors,Altering & Remodeling Contractors,,,,,
Cirrus Construction Management,Cirrus Construction Management,,365 12th St,San Francisco,CA,94103,(415) 913-7693,Building Contractors-Commercial & Industrial,Construction Management,,,,,,
Berkel & Co. Contractors Inc.,Berkel & Co. Contractors Inc.,,81 Langton St,San Francisco,CA,94103,(415) 553-8182,Building Contractors-Commercial & Industrial,General Contractors,Foundation Contractors,,,,,
MV Construction,MV Construction,,467 Valencia St,San Francisco,CA,94103,(415) 863-0882,Building Contractors-Commercial & Industrial,Electricians,General Contractors,,,,,
Howard S Wright Constructors,Howard S Wright Constructors,,1019 Market St,San Francisco,CA,94103,(415) 553-7704,Building Contractors-Commercial & Industrial,General Contractors,Construction Management,,,,,
Devcon Construction,Devcon Construction,,1550 Bryant St Ste 410,San Francisco,CA,94103,(415) 874-9316,Building Contractors-Commercial & Industrial,General Contractors,Home Builders,,,,,
Occidental Express,Occidental Express,,1019 Howard St,San Francisco,CA,94103,(415) 621-7533,Building Contractors-Commercial & Industrial,General Contractors,Professional Engineers,BBB Rating: A+,,,,
Y Studios,Y Studios,,290 Division St,San Francisco,CA,94103,(415) 863-3623,Building Contractors-Commercial & Industrial,General Contractors,Architects,,,,,
Saarman Construction,Saarman Construction,,21 Columbia Sq,San Francisco,CA,94103,(415) 934-0596,Building Contractors-Commercial & Industrial,Home Builders,Construction Management,,,,,
Strong Hold Construction,Strong Hold Construction,,2525 16th St,San Francisco,CA,94103,(415) 624-3987,Building Contractors-Commercial & Industrial,Home Builders,General Contractors,,,,,
Martin Building Co,Martin Building Co,,14 Mint Plz Ste 500,San Francisco,CA,94103,(415) 442-4800,Building Contractors-Commercial & Industrial,General Contractors,Building Contractors,,,,,
Johnstone & Mcauliffe Construction,Johnstone & Mcauliffe Construction,,431 Tehama St,San Francisco,CA,94103,(415) 543-0104,Building Contractors-Commercial & Industrial,Construction Consultants,Construction Management,,,,,
Sprung Instant Structures,Sprung Instant Structures,,550 15th St Ste 25,San Francisco,CA,94103,(415) 934-9370,Building Contractors-Commercial & Industrial,"Buildings-Pre-Cut, Prefabricated & Modular",Building Contractors,,,,,
Athena Electrical Construction,Athena Electrical Construction,,2 Henry Adams St,San Francisco,CA,94103,(415) 678-5991,Building Contractors-Commercial & Industrial,Building Contractors,General Contractors,BBB Rating: A+,,,,
Morso Construction,Morso Construction,,582 6th St,San Francisco,CA,94103,(415) 777-1840,Building Contractors-Commercial & Industrial,Altering & Remodeling Contractors,Home Builders,,,,,
Gelling & Judd INC,Gelling & Judd INC,,300 Kansas St Ste 106,San Francisco,CA,94103,(415) 863-2004,Building Contractors-Commercial & Industrial,Altering & Remodeling Contractors,Building Construction Consultants,,,,,
Rossi Builders Inc,Rossi Builders Inc,,5 3rd St Ste 822,San Francisco,CA,94103,(415) 982-6292,Building Contractors-Commercial & Industrial,General Contractors,Building Contractors,BBB Rating: A+,,,,
Cahill Construction,Cahill Construction,,425 California St Ste 2200,San Francisco,CA,94104,(415) 986-0600,Building Contractors-Commercial & Industrial,General Contractors,Home Builders,BBB Rating: A+,,,,
Greene Builders Inc,Greene Builders Inc,,44 Montgomery St Ste 1255,San Francisco,CA,94104,(415) 399-9222,Building Contractors-Commercial & Industrial,General Contractors,Altering & Remodeling Contractors,BBB Rating: A+,,,,
Vanir Construction Management Inc,Vanir Construction Management Inc,,180 Montgomery St,San Francisco,CA,94104,(415) 284-9050,Building Contractors-Commercial & Industrial,Construction Management,General Contractors,,,,,
BCCI Construction Company,BCCI Construction Company,,555 California St,San Francisco,CA,94104,(415) 433-1002,Building Contractors-Commercial & Industrial,Home Builders,Construction Management,,,,,
Peacock Construction Inc,Peacock Construction Inc,,200 Pine St Fl 4,San Francisco,CA,94104,(415) 217-5095,Building Contractors-Commercial & Industrial,General Contractors,Altering & Remodeling Contractors,BBB Rating: A+,,,,
Mc Carthy Building Co Inc,Mc Carthy Building Co Inc,,343 Sansome St Ste 14,San Francisco,CA,94104,(415) 397-5151,Building Contractors-Commercial & Industrial,General Contractors,Building Maintenance,,,,,
Turner Construction Co,Turner Construction Co,,311 California St,San Francisco,CA,94104,(212) 229-6000,Building Contractors-Commercial & Industrial,Construction Consultants,General Contractors,,,,,
The Boldt Company,The Boldt Company,,455 Market St Ste 550,San Francisco,CA,94105,(415) 762-8311,Building Contractors-Commercial & Industrial,General Contractors,Building Construction Consultants,,,,,
Cannon Constructors Inc,Cannon Constructors Inc,,301 Howard St Ste 130,San Francisco,CA,94105,(415) 546-5500,Building Contractors-Commercial & Industrial,General Contractors,Altering & Remodeling Contractors,,,,,
Commercial Interior Builders,Commercial Interior Builders,,101 The Embarcadero Ste 205,San Francisco,CA,94105,(415) 896-1102,Building Contractors-Commercial & Industrial,General Contractors,Building Contractors,,,,,
Sierra Mountain Constr Inc,Sierra Mountain Constr Inc,,55 New Montgomery St Ste 512,San Francisco,CA,94105,(415) 896-2859,Building Contractors-Commercial & Industrial,General Contractors,Altering & Remodeling Contractors,,,,,
SC Builders,SC Builders,,109 Stevenson St Fl 3,San Francisco,CA,94105,(415) 757-0405,Building Contractors-Commercial & Industrial,General Contractors,Altering & Remodeling Contractors,,,,,
Merced River Construction Co,Merced River Construction Co,,75 Hawthorne St,San Francisco,CA,94105,(415) 777-4142,Building Contractors-Commercial & Industrial,Home Builders,Building Contractors,,,,,
Turner Construction,Turner Construction,,120 2nd St,San Francisco,CA,94105,(415) 442-5100,Building Contractors-Commercial & Industrial,Construction Consultants,General Contractors,,,,,
Moto Development,Moto Development,,85 2nd St Ste 710,San Francisco,CA,94105,(415) 281-4800,Building Contractors-Commercial & Industrial,Consulting Engineers,Mechanical Engineers,,,,,
Suffolk Construction,Suffolk Construction,,525 Market St,San Francisco,CA,94105,(415) 848-0500,Building Contractors-Commercial & Industrial,General Contractors,Home Builders,,,,,
Narrowback Construction,Narrowback Construction,,467 Mission St,San Francisco,CA,94105,(415) 841-9172,Building Contractors-Commercial & Industrial,Home Builders,,,,,,
Clark Construction,Clark Construction,,450 Mission St,San Francisco,CA,94105,(415) 541-7718,Building Contractors-Commercial & Industrial,Home Builders,General Contractors,,,,,
Mcrt Northern California Construction,Mcrt Northern California Construction,,450 Harrison St,San Francisco,CA,94105,(415) 874-9374,Building Contractors-Commercial & Industrial,General Contractors,Real Estate Developers,,,,,
Webcor Builders,Webcor Builders,,175 Beale St,San Francisco,CA,94105,(415) 957-5951,Building Contractors-Commercial & Industrial,General Contractors,Real Estate Developers,,,,,
Bcci Construction,Bcci Construction,,121 Spear St,San Francisco,CA,94105,(415) 546-9373,Building Contractors-Commercial & Industrial,Home Builders,General Contractors,,,,,
City Building Inc,City Building Inc,,26 Pier,San Francisco,CA,94105,(415) 285-1711,Building Contractors-Commercial & Industrial,Altering & Remodeling Contractors,Building Construction Consultants,,,,,
The Lawson Roofing Company,The Lawson Roofing Company,,1495 Tennessee St,San Francisco,CA,94107,(415) 762-5646,Building Contractors-Commercial & Industrial,Building Contractors,Roofing Contractors,BBB Rating: A+,,,,
Sozo Design,Sozo Design,,2325 3rd St Ste 317,San Francisco,CA,94107,(415) 626-7696,Building Contractors-Commercial & Industrial,Designers-Industrial & Commercial,Architects,,,,,
Cameron Construction Mana,Cameron Construction Mana,,187 Berry St,San Francisco,CA,94107,(415) 543-0829,Building Contractors-Commercial & Industrial,,,,,,,
Lenartstudios,Lenartstudios,,48 Colin P Kelly Jr St,San Francisco,CA,94107,(415) 495-5550,Building Contractors-Commercial & Industrial,Designers-Industrial & Commercial,Interior Designers & Decorators,,,,,
Gwc,Gwc,,1089 Tennessee St,San Francisco,CA,94107,(415) 550-7118,Building Contractors-Commercial & Industrial,,,,,,,
Richlen Construction,Richlen Construction,,546 Bryant St,San Francisco,CA,94107,(415) 904-0900,Building Contractors-Commercial & Industrial,General Contractors,Home Builders,,,,,
Nibbi Brothers,Nibbi Brothers,,180 Hubbell St,San Francisco,CA,94107,(415) 863-1820,Building Contractors-Commercial & Industrial,Building Contractors,General Contractors,,,,,
DFI Construction,DFI Construction,,660 4th St # 535,San Francisco,CA,94107,(415) 725-9797,Building Contractors-Commercial & Industrial,General Contractors,Building Maintenance,BBB Rating: A+,,,,
Field Construction,Field Construction,,490 2nd St Ste 100,San Francisco,CA,94107,(415) 648-8140,Building Contractors-Commercial & Industrial,General Contractors,Building Contractors,BBB Rating: A+,,,,
Shelterbelt Builders,Shelterbelt Builders,,38 Pier,San Francisco,CA,94107,(415) 357-1500,Building Contractors-Commercial & Industrial,General Contractors,Real Estate Developers,,,,,
Metropolitan Electrical Construction Inc,Metropolitan Electrical Construction Inc,,2400 3rd St,San Francisco,CA,94107,(415) 642-3000,Building Contractors-Commercial & Industrial,General Contractors,Real Estate Developers,BBB Rating: A+,,,,
Aspen Contractors Inc,Aspen Contractors Inc,,953 Folsom St,San Francisco,CA,94107,(415) 442-1818,Building Contractors-Commercial & Industrial,General Contractors,Fireplaces,BBB Rating: A+,,,,
Arcon Construction Corp.,Arcon Construction Corp.,,259 Clara St,San Francisco,CA,94107,(415) 369-9643,Building Contractors-Commercial & Industrial,Home Builders,General Contractors,,,,,
Barnard Construction,Barnard Construction,,420 4th St,San Francisco,CA,94107,(415) 546-0577,Building Contractors-Commercial & Industrial,Home Builders,Construction Management,,,,,
M H Construction,M H Construction,,1630 17th St,San Francisco,CA,94107,(415) 558-9778,Building Contractors-Commercial & Industrial,General Contractors,Construction Management,BBB Rating: A+,,,,
Urban Design Consulting Engineers,Urban Design Consulting Engineers,,350 Townsend St Ste 409a,San Francisco,CA,94107,(415) 875-9096,Building Contractors-Commercial & Industrial,Consulting Engineers,Business Coaches & Consultants,,,,,
Plant Construction Co,Plant Construction Co,,680 Folsom St,San Francisco,CA,94107,(415) 536-1465,Building Contractors-Commercial & Industrial,Home Builders,Building Contractors,,,,,
Bcci Construction,Bcci Construction,,680 Folsom St,San Francisco,CA,94107,(415) 344-0269,Building Contractors-Commercial & Industrial,Home Builders,Construction Management,,,,,
Swinerton Builders,Swinerton Builders,,260 Townsend St,San Francisco,CA,94107,(415) 421-2980,Building Contractors-Commercial & Industrial,Construction Consultants,Building Contractors,BBB Rating: A+,,,,
D-Line Constructors,D-Line Constructors,,611 Folsom St,San Francisco,CA,94107,(510) 251-6401,Building Contractors-Commercial & Industrial,General Contractors,Home Builders,,,,,
Steven Rikli Construction Co.,Steven Rikli Construction Co.,,611 Folsom St,San Francisco,CA,94107,(415) 459-2310,Building Contractors-Commercial & Industrial,Construction Management,Home Builders,,,,,
Bcci Construction Co,Bcci Construction Co,,185 Berry St Ste 1200,San Francisco,CA,94107,(415) 817-5100,Building Contractors-Commercial & Industrial,General Contractors,Altering & Remodeling Contractors,,,,,
Podesta Construction,Podesta Construction,,344 Connecticut St,San Francisco,CA,94107,(415) 642-1600,Building Contractors-Commercial & Industrial,Construction Consultants,Building Construction Consultants,BBB Rating: A+,,,,
Webcor Builders,Webcor Builders,,207 King St Ste 300,San Francisco,CA,94107,(415) 978-1000,Building Contractors-Commercial & Industrial,Altering & Remodeling Contractors,Building Construction Consultants,,,,,
The 300 Company LP,The 300 Company LP,,300 Brannan St,San Francisco,CA,94107,(415) 908-3804,Building Contractors-Commercial & Industrial,Building Contractors,Altering & Remodeling Contractors,,,,,
Project Frog Inc.,Project Frog Inc.,,501 2nd St Ste 120,San Francisco,CA,94107,(415) 814-8548,Building Contractors-Commercial & Industrial,"Buildings-Pre-Cut, Prefabricated & Modular",,,,,,
Ntk Construction,Ntk Construction,,698 2nd St,San Francisco,CA,94107,(415) 357-9846,Building Contractors-Commercial & Industrial,Home Builders,Construction Management,,,,,
Norse Builders,Norse Builders,,329 Bryant St Ste 2b,San Francisco,CA,94107,(415) 495-8512,Building Contractors-Commercial & Industrial,Building Contractors,Altering & Remodeling Contractors,,,,,
Mesa Construction,Mesa Construction,,1125 De Haro St,San Francisco,CA,94107,(415) 641-7979,Building Contractors-Commercial & Industrial,Building Contractors,Home Builders,,,,,
Devcon Construction,Devcon Construction,,2192 3rd St,San Francisco,CA,94107,(415) 874-9316,Building Contractors-Commercial & Industrial,Home Builders,Building Contractors,,,,,
Park View Construction,Park View Construction,,1025 Tennessee St,San Francisco,CA,94107,(415) 821-9317,Building Contractors-Commercial & Industrial,General Contractors,Home Builders,,,,,
Min Design Co,Min Design Co,,2325 3rd St,San Francisco,CA,94107,(415) 255-9464,Building Contractors-Commercial & Industrial,General Contractors,,,,,,
Saison Global,Saison Global,,2325 3rd St,San Francisco,CA,94107,(415) 814-3712,Building Contractors-Commercial & Industrial,General Contractors,Architects,,,,,
Golden West Construction Co,Golden West Construction Co,,1089 Tennessee St,San Francisco,CA,94107,(415) 550-7118,Building Contractors-Commercial & Industrial,General Contractors,Construction Consultants,BBB Rating: A+,,,,
Transatlantic Construction,Transatlantic Construction,,1189 Tennessee St,San Francisco,CA,94107,(415) 872-6943,Building Contractors-Commercial & Industrial,General Contractors,Building Construction Consultants,,,,,
Buck O'Neill Builders Inc,Buck O'Neill Builders Inc,,1250 Missouri St Unit 102,San Francisco,CA,94107,(415) 695-8700,Building Contractors-Commercial & Industrial,Construction Consultants,General Contractors,,,,,
Majestic Construction,Majestic Construction,,1250 Missouri St,San Francisco,CA,94107,(415) 648-9826,Building Contractors-Commercial & Industrial,General Contractors,Drywall Contractors,,,,,
All Bay Construction Inc.,All Bay Construction Inc.,,1250 Missouri St,San Francisco,CA,94107,(415) 839-5292,Building Contractors-Commercial & Industrial,Home Builders,Deck Builders,,,,,
Narrowback Construction,Narrowback Construction,,2660 3rd St Apt 201,San Francisco,CA,94107,(415) 647-1069,Building Contractors-Commercial & Industrial,Home Builders,Home Improvements,,,,,
Pizziconi Construction,Pizziconi Construction,,1288 Missouri St,San Francisco,CA,94107,(415) 647-2702,Building Contractors-Commercial & Industrial,General Contractors,Altering & Remodeling Contractors,,,,,
Bcci Construction,Bcci Construction,,Ahn 1,San Francisco,CA,94107,(415) 896-2095,Building Contractors-Commercial & Industrial,Home Builders,Construction Consultants,,,,,
Craig Hines Designs Inc,Craig Hines Designs Inc,,10 Miller Pl,San Francisco,CA,94108,(415) 773-0453,Building Contractors-Commercial & Industrial,Designers-Industrial & Commercial,Architects,,,,,
Suffolk Construction,Suffolk Construction,,601 California St,San Francisco,CA,94108,(415) 395-9910,Building Contractors-Commercial & Industrial,General Contractors,Home Builders,,,,,
Principal Builders INC,Principal Builders INC,,240 Stockton St Ste 500,San Francisco,CA,94108,(415) 434-1500,Building Contractors-Commercial & Industrial,Home Builders,Altering & Remodeling Contractors,,,,,
Csb Telecom Services Inc,Csb Telecom Services Inc,,447 Sutter St,San Francisco,CA,94108,(415) 525-3186,Building Contractors-Commercial & Industrial,General Contractors,,,,,,
Stephenson Construction,Stephenson Construction,,1100 Sacramento St,San Francisco,CA,94108,(415) 814-2117,Building Contractors-Commercial & Industrial,General Contractors,Home Builders,,,,,
Fisher Development Inc,Fisher Development Inc,,601 California St Ste 300,San Francisco,CA,94108,(415) 228-3060,Building Contractors-Commercial & Industrial,General Contractors,,,,,,
Chan Arther,Chan Arther,,776 Clay St,San Francisco,CA,94108,(415) 986-3006,Building Contractors-Commercial & Industrial,Building Contractors,Altering & Remodeling Contractors,,,,,
Josehart Construction,Josehart Construction,,733 Kearny St,San Francisco,CA,94108,(415) 913-7291,Building Contractors-Commercial & Industrial,Construction Management,Home Builders,,,,,
California Painting & Decorating,California Painting & Decorating,,1102 Hyde St,San Francisco,CA,94109,(415) 213-4571,Building Contractors-Commercial & Industrial,Home Repair & Maintenance,Antiques,BBB Rating: A+,,,,
Build Group,Build Group,,900 Van Ness Ave,San Francisco,CA,94109,(415) 624-3331,Building Contractors-Commercial & Industrial,General Contractors,,,,,,
Polk Street Building,Polk Street Building,,1424 Polk St,San Francisco,CA,94109,(415) 345-8574,Building Contractors-Commercial & Industrial,Building Contractors,Altering & Remodeling Contractors,,,,,
Rivera Construction Inc,Rivera Construction Inc,,850 Van Ness Ave,San Francisco,CA,94109,(415) 206-9479,Building Contractors-Commercial & Industrial,General Contractors,Real Estate Developers,BBB Rating: A+,,,,
Caruso Construction,Caruso Construction,,1693 Polk St,San Francisco,CA,94109,(415) 674-3969,Building Contractors-Commercial & Industrial,Construction Consultants,Altering & Remodeling Contractors,BBB Rating: A+,,,,
Maintain A Property Maintenance Service,Maintain A Property Maintenance Service,,2800 Van Ness Ave,San Francisco,CA,94109,(415) 447-2007,Building Contractors-Commercial & Industrial,General Contractors,Altering & Remodeling Contractors,,,,,
Peak General Contractors Inc,Peak General Contractors Inc,,850 Van Ness Ave,San Francisco,CA,94109,(415) 970-1458,Building Contractors-Commercial & Industrial,General Contractors,Real Estate Developers,,,,,
Acc Air Inc,Acc Air Inc,,850 Van Ness Ave,San Francisco,CA,94109,(415) 821-9094,Building Contractors-Commercial & Industrial,Building Contractors,General Contractors,,,,,
Ba Pac Sho Daniel Prieto D,Ba Pac Sho Daniel Prieto D,,850 Van Ness Ave,San Francisco,CA,94109,(415) 206-9479,Building Contractors-Commercial & Industrial,Drywall Contractors,Home Builders,,,,,
Avalon Construction,Avalon Construction,,850 Van Ness Ave,San Francisco,CA,94109,(415) 824-1488,Building Contractors-Commercial & Industrial,Concrete Contractors,General Contractors,,,,,
M V Construction,M V Construction,,947 Geary St,San Francisco,CA,94109,(415) 441-2637,Building Contractors-Commercial & Industrial,General Contractors,Home Builders,,,,,
Cairn Construction,Cairn Construction,,829 Geary St,San Francisco,CA,94109,(415) 931-6930,Building Contractors-Commercial & Industrial,Home Builders,,,,,,
Molloy Construction Co,Molloy Construction Co,,1301 Post St Ste 100,San Francisco,CA,94109,(415) 474-7808,Building Contractors-Commercial & Industrial,General Contractors,Home Builders,,,,,
Simply Parking,Simply Parking,,74 Hemlock St,San Francisco,CA,94109,(415) 673-1918,Building Contractors-Commercial & Industrial,Parking Stations & Garages-Construction,Parking Lots & Garages,,,,,
James Meeneghan Construction,James Meeneghan Construction,,989 Sutter St,San Francisco,CA,94109,(415) 829-2354,Building Contractors-Commercial & Industrial,Home Builders,Construction Consultants,,,,,
Renovattio Construction,Renovattio Construction,,832 Sutter St,San Francisco,CA,94109,(415) 589-7249,Building Contractors-Commercial & Industrial,Home Builders,Real Estate Developers,,,,,
Cullinae Construction,Cullinae Construction,,1535 Pine St,San Francisco,CA,94109,(415) 861-9200,Building Contractors-Commercial & Industrial,Home Builders,General Contractors,,,,,
L -J Sf,L -J Sf,,1635 California St,San Francisco,CA,94109,(415) 931-3308,Building Contractors-Commercial & Industrial,Building Contractors,,,,,,
E'equity Builders Inc,E'equity Builders Inc,,1475 Polk St,San Francisco,CA,94109,(415) 592-0003,Building Contractors-Commercial & Industrial,General Contractors,Building Contractors,,,,,
Bellcore Construction,Bellcore Construction,,1461 California St,San Francisco,CA,94109,(415) 529-2915,Building Contractors-Commercial & Industrial,General Contractors,Home Builders,,,,,
Prc Construction,Prc Construction,,1900 Gough St,San Francisco,CA,94109,(415) 213-4694,Building Contractors-Commercial & Industrial,General Contractors,,,,,,
Siena Pacific Inc,Siena Pacific Inc,,1725 Clay St Ste 101,San Francisco,CA,94109,(415) 931-8294,Building Contractors-Commercial & Industrial,Building Contractors,Altering & Remodeling Contractors,,,,,
K2 Builders,K2 Builders,,1601 Larkin St,San Francisco,CA,94109,(415) 674-4157,Building Contractors-Commercial & Industrial,Home Builders,Real Estate Developers,,,,,
James E Roberts Obayshi Corp,James E Roberts Obayshi Corp,,1790 Washington St,San Francisco,CA,94109,(415) 655-9930,Building Contractors-Commercial & Industrial,Building Construction Consultants,Construction Consultants,,,,,
Moroso Construction Inc,Moroso Construction Inc,,2006 Washington St,San Francisco,CA,94109,(415) 678-5329,Building Contractors-Commercial & Industrial,General Contractors,Altering & Remodeling Contractors,,,,,
KG Bell Construction,KG Bell Construction,,1215 Jackson St,San Francisco,CA,94109,(415) 292-6729,Building Contractors-Commercial & Industrial,Construction Consultants,Construction Management,,,,,
Luxor Construction,Luxor Construction,,1469 Pacific Ave,San Francisco,CA,94109,(415) 202-0610,Building Contractors-Commercial & Industrial,General Contractors,Home Builders,,,,,
Aequitas Constructors,Aequitas Constructors,,1800 Pacific Ave,San Francisco,CA,94109,(415) 921-8033,Building Contractors-Commercial & Industrial,Construction Management,Home Builders,,,,,
Eutricity,Eutricity,,1536 Jones St,San Francisco,CA,94109,(415) 559-9931,Building Contractors-Commercial & Industrial,Electric Contractors-Commercial & Industrial,Electricians,,,,,
Centrix Builders Inc,Centrix Builders Inc,,1650 Broadway,San Francisco,CA,94109,(415) 931-3160,Building Contractors-Commercial & Industrial,General Contractors,Real Estate Developers,,,,,
Mecca Construction,Mecca Construction,,1250 Vallejo St,San Francisco,CA,94109,(415) 255-4575,Building Contractors-Commercial & Industrial,Home Builders,,,,,,
Webb Construction,Webb Construction,,1945 Hyde St,San Francisco,CA,94109,(415) 932-6189,Building Contractors-Commercial & Industrial,General Contractors,Altering & Remodeling Contractors,,,,,
Joyce Construction Inc,Joyce Construction Inc,,2655 Van Ness Ave Ste 1,San Francisco,CA,94109,(415) 563-8750,Building Contractors-Commercial & Industrial,General Contractors,Building Construction Consultants,,,,,
Saturn Construction,Saturn Construction,,50 Grenard Ter,San Francisco,CA,94109,(415) 359-9185,Building Contractors-Commercial & Industrial,Home Builders,,,,,,
Biller McCoy Builders Inc.,Biller McCoy Builders Inc.,,445 Hampshire St,San Francisco,CA,94110,(415) 626-0541,Building Contractors-Commercial & Industrial,Building Contractors,,,,,,
A Ruiz Construction,A Ruiz Construction,,1601 Cortland Ave,San Francisco,CA,94110,(415) 647-4010,Building Contractors-Commercial & Industrial,Home Builders,General Contractors,BBB Rating: A+,,,,
V & Company Fine Builders,V & Company Fine Builders,,2535 24th St,San Francisco,CA,94110,(415) 648-8779,Building Contractors-Commercial & Industrial,Building Contractors,Real Estate Developers,,,,,
First Class Structures,First Class Structures,,2957 Harrison St,San Francisco,CA,94110,(707) 570-1607,Building Contractors-Commercial & Industrial,Building Construction Consultants,Building Contractors,,,,,
Maximo Construction,Maximo Construction,,322 Cortland Ave,San Francisco,CA,94110,(415) 587-3734,Building Contractors-Commercial & Industrial,Home Builders,Building Contractors,,,,,
Buena Vista Construction,Buena Vista Construction,,3265 17th St Ste 403,San Francisco,CA,94110,(415) 863-6550,Building Contractors-Commercial & Industrial,General Contractors,Altering & Remodeling Contractors,,,,,
Cappelletti D & Sons Inc,Cappelletti D & Sons Inc,,379 Shotwell St,San Francisco,CA,94110,(415) 621-8191,Building Contractors-Commercial & Industrial,General Contractors,Building Contractors,BBB Rating: A+,,,,
Imbelloni Construction Co,Imbelloni Construction Co,,3260 19th St,San Francisco,CA,94110,(650) 692-7333,Building Contractors-Commercial & Industrial,General Contractors,Drywall Contractors,,,,,
Restoration Workshop,Restoration Workshop,,630 Treat Ave,San Francisco,CA,94110,(415) 824-1850,Building Contractors-Commercial & Industrial,Altering & Remodeling Contractors,Building Contractors,BBB Rating: A+,,,,
Byrnes & McClellan Construction Inc,Byrnes & McClellan Construction Inc,,3520 20th St Apt 15,San Francisco,CA,94110,(415) 503-0251,Building Contractors-Commercial & Industrial,General Contractors,Real Estate Developers,,,,,
Hough Construction,Hough Construction,,3332 22nd St,San Francisco,CA,94110,(415) 282-1977,Building Contractors-Commercial & Industrial,Construction Estimates,Home Builders,,,,,
Mike Ferrell Construction,Mike Ferrell Construction,,995 Guerrero St # 1,San Francisco,CA,94110,(415) 606-2691,Building Contractors-Commercial & Industrial,Home Builders,Handyman Services,,,,,
Vonnegut Thoreau Construction,Vonnegut Thoreau Construction,,850 Shotwell St,San Francisco,CA,94110,(415) 795-3603,Building Contractors-Commercial & Industrial,Home Builders,Construction Consultants,,,,,
Kudos,Kudos,,115 Fair Oaks St,San Francisco,CA,94110,(415) 648-0928,Building Contractors-Commercial & Industrial,General Contractors,Altering & Remodeling Contractors,,,,,
Tom McDonald Construction,Tom McDonald Construction,,220 Fair Oaks St,San Francisco,CA,94110,(415) 282-2674,Building Contractors-Commercial & Industrial,General Contractors,Building Construction Consultants,,,,,
5 12 Construction,5 12 Construction,,1207 Guerrero St,San Francisco,CA,94110,(415) 826-0606,Building Contractors-Commercial & Industrial,General Contractors,Building Contractors,,,,,
Matarozzi & Pelsinger Builders,Matarozzi & Pelsinger Builders,,1060 Capp St,San Francisco,CA,94110,(415) 285-6930,Building Contractors-Commercial & Industrial,General Contractors,Altering & Remodeling Contractors,,,,,
Alpha Bay Builders Inc.,Alpha Bay Builders Inc.,,3314 Cesar Chavez,San Francisco,CA,94110,(415) 282-6188,Building Contractors-Commercial & Industrial,General Contractors,Altering & Remodeling Contractors,,,,,
Boughton Construction,Boughton Construction,,249 Precita Ave,San Francisco,CA,94110,(415) 647-0222,Building Contractors-Commercial & Industrial,General Contractors,Building Contractors,,,,,
Hough Construction,Hough Construction,,3159 Mission St,San Francisco,CA,94110,(415) 282-1977,Building Contractors-Commercial & Industrial,Construction Estimates,Altering & Remodeling Contractors,,,,,
Pallas Construction,Pallas Construction,,1515 Treat Ave,San Francisco,CA,94110,(415) 824-6461,Building Contractors-Commercial & Industrial,Construction Consultants,Home Builders,,,,,
Upcycle Builders Inc,Upcycle Builders Inc,,1632 Alabama St,San Francisco,CA,94110,(415) 826-2878,Building Contractors-Commercial & Industrial,Home Builders,Real Estate Developers,,,,,
Tom Can Construction,Tom Can Construction,,1608 Treat Ave,San Francisco,CA,94110,(415) 824-4869,Building Contractors-Commercial & Industrial,Construction Consultants,Home Builders,BBB Rating: A+,,,,
Northpoint Builders,Northpoint Builders,,3331 Harrison St,San Francisco,CA,94110,(415) 826-1847,Building Contractors-Commercial & Industrial,Building Contractors,Altering & Remodeling Contractors,,,,,
Harris Construction Co,Harris Construction Co,,186 Nevada St,San Francisco,CA,94110,(415) 585-2854,Building Contractors-Commercial & Industrial,General Contractors,Home Builders,,,,,
Kohlmyer Designs,Kohlmyer Designs,,432 Cortland Ave,San Francisco,CA,94110,(415) 400-4530,Building Contractors-Commercial & Industrial,Home Builders,,,,,,
Howard Robert Builders Inc,Howard Robert Builders Inc,,562 Ellsworth St,San Francisco,CA,94110,(415) 643-5579,Building Contractors-Commercial & Industrial,General Contractors,Real Estate Developers,,,,,
Bundgaarden,Bundgaarden,,133 Porter St,San Francisco,CA,94110,(415) 647-0133,Building Contractors-Commercial & Industrial,Building Contractors,General Contractors,,,,,
"Ruby Systems, Inc.","Ruby Systems, Inc.",,111 Pine St Ste 1405b,San Francisco,CA,94111,(415) 930-4669,Building Contractors-Commercial & Industrial,,,,,,,
Enterprise Construction General Contrs,Enterprise Construction General Contrs,,407 Sansome St,San Francisco,CA,94111,(415) 438-4795,Building Contractors-Commercial & Industrial,General Contractors,,,,,,
Moose And Zambrano,Moose And Zambrano,,639 Front St,San Francisco,CA,94111,(415) 274-2033,Building Contractors-Commercial & Industrial,,,,,,,
Hathaway Dinwiddie Construction,Hathaway Dinwiddie Construction,,275 Battery St Ste 300,San Francisco,CA,94111,(415) 986-2718,Building Contractors-Commercial & Industrial,Construction Consultants,Home Builders,,,,,
DPR Construction,DPR Construction,,1050 Sansome St Ste 600,San Francisco,CA,94111,(415) 782-3700,Building Contractors-Commercial & Industrial,General Contractors,Construction Consultants,,,,,
Modern Construction,Modern Construction,,22 Battery St Ste 313,San Francisco,CA,94111,(415) 398-8500,Building Contractors-Commercial & Industrial,General Contractors,Building Construction Consultants,,,,,
Hunt Construction,Hunt Construction,,100 Pine St Ste 725,San Francisco,CA,94111,(415) 391-3930,Building Contractors-Commercial & Industrial,General Contractors,Real Estate Developers,,,,,
GCI General Contractors,GCI General Contractors,,825 Battery St Fl 3,San Francisco,CA,94111,(415) 978-2790,Building Contractors-Commercial & Industrial,General Contractors,Home Builders,,,,,
BCCI Construction Company,BCCI Construction Company,,1160 Battery St Ste 250,San Francisco,CA,94111,(415) 817-5100,Building Contractors-Commercial & Industrial,Building Contractors,Real Estate Developers,BBB Rating: A+,,,,
MGM Construction,MGM Construction,,529 Commercial St Fl 300,San Francisco,CA,94111,(415) 434-0434,Building Contractors-Commercial & Industrial,Building Contractors,Home Builders,,,,,
Regenerative Ventures Inc,Regenerative Ventures Inc,,150 California St Fl 3,San Francisco,CA,94111,(415) 230-0740,Building Contractors-Commercial & Industrial,General Contractors,Building Construction Consultants,,,,,
Skyline Construction,Skyline Construction,,731 Sansome St Fl 4,San Francisco,CA,94111,(415) 908-1020,Building Contractors-Commercial & Industrial,Building Contractors,Home Builders,,,,,
San Francisco Commercial Builders,San Francisco Commercial Builders,,88 Jackson St,San Francisco,CA,94111,(415) 552-4220,Building Contractors-Commercial & Industrial,General Contractors,Altering & Remodeling Contractors,,,,,
Heise's Plumbing,Heise's Plumbing,,260 Ocean Ave,San Francisco,CA,94112,(415) 333-0704,Building Contractors-Commercial & Industrial,Water Heaters,Gas Lines-Installation & Repairing,,,,,
Portola Building Co,Portola Building Co,,4192 Mission St,San Francisco,CA,94112,(415) 585-0561,Building Contractors-Commercial & Industrial,General Contractors,Altering & Remodeling Contractors,,,,,
Ken Ng Construction,Ken Ng Construction,,29 Castle Manor Ave,San Francisco,CA,94112,(415) 586-6871,Building Contractors-Commercial & Industrial,,,,,,,
"Chongson Construction, Inc.","Chongson Construction, Inc.",,464 Brunswick St,San Francisco,CA,94112,(415) 334-3658,Building Contractors-Commercial & Industrial,General Contractors,Altering & Remodeling Contractors,BBB Rating: A+,,,,
Wellington Home Inspection Services,Wellington Home Inspection Services,,4722 Mission St,San Francisco,CA,94112,(415) 239-1700,Building Contractors-Commercial & Industrial,Building Contractors,Flooring Contractors,,,,,
JG Construction,JG Construction,,227 Capitol Ave,San Francisco,CA,94112,(415) 406-1241,Building Contractors-Commercial & Industrial,General Contractors,Altering & Remodeling Contractors,,,,,
J Flores Construction Inc,J Flores Construction Inc,,4229 Mission St,San Francisco,CA,94112,(415) 337-2934,Building Contractors-Commercial & Industrial,General Contractors,Real Estate Developers,,,,,
C & T Construction,C & T Construction,,334 Hearst Ave,San Francisco,CA,94112,(415) 587-8368,Building Contractors-Commercial & Industrial,General Contractors,Home Builders,,,,,
Apollo Construction Co,Apollo Construction Co,,1570 Alemany Blvd,San Francisco,CA,94112,(415) 587-1404,Building Contractors-Commercial & Industrial,Home Builders,Carpenters,,,,,
Bay Area Ceiling Pro & Painting,Bay Area Ceiling Pro & Painting,,338 Vienna St,San Francisco,CA,94112,(415) 586-4100,Building Contractors-Commercial & Industrial,Ceiling Cleaning,Wall Cleaning,,,,,
P & A Construction,P & A Construction,,493 Vienna St,San Francisco,CA,94112,(415) 334-7511,Building Contractors-Commercial & Industrial,Building Contractors,Altering & Remodeling Contractors,,,,,
Roebuck Construction,Roebuck Construction,,2301 San Jose Ave,San Francisco,CA,94112,(415) 769-5150,Building Contractors-Commercial & Industrial,Home Builders,General Contractors,,,,,
Neng Construction Inc,Neng Construction Inc,,1125 Plymouth Ave,San Francisco,CA,94112,(415) 587-8822,Building Contractors-Commercial & Industrial,Home Builders,Construction Consultants,,,,,
Hutchinson Construction Co Inc,Hutchinson Construction Co Inc,,142 Guttenberg St,San Francisco,CA,94112,(415) 584-5669,Building Contractors-Commercial & Industrial,Building Contractors,Altering & Remodeling Contractors,,,,,
Wickman Development & Construction,Wickman Development & Construction,,5616 Mission St,San Francisco,CA,94112,(415) 239-4500,Building Contractors-Commercial & Industrial,Construction Consultants,General Contractors,,,,,
Joseph C Sand Co. Inc.,Joseph C Sand Co. Inc.,,292 Church St,San Francisco,CA,94114,(415) 621-5200,Building Contractors-Commercial & Industrial,Water Heaters,Plumbers,,,,,
Clipper Construction Inc,Clipper Construction Inc,,2281 Market St,San Francisco,CA,94114,(415) 621-4733,Building Contractors-Commercial & Industrial,General Contractors,Real Estate Developers,,,,,
Construction Buhler,Construction Buhler,,3674 16th St,San Francisco,CA,94114,(415) 658-7846,Building Contractors-Commercial & Industrial,General Contractors,Building Construction Consultants,,,,,
Bay-Coastal Construction Company,Bay-Coastal Construction Company,,582 Castro St,San Francisco,CA,94114,(415) 265-9811,Building Contractors-Commercial & Industrial,General Contractors,Home Builders,BBB Rating: A+,,,,
Benjamin Shaw,Benjamin Shaw,,584 Castro St,San Francisco,CA,94114,(415) 452-4262,Building Contractors-Commercial & Industrial,General Contractors,Concrete Contractors,,,,,
Caletti Jungsten Construction,Caletti Jungsten Construction,,4349 18th St,San Francisco,CA,94114,(415) 801-5885,Building Contractors-Commercial & Industrial,Home Builders,,,,,,
Zolman Construction,Zolman Construction,,4235 19th St,San Francisco,CA,94114,(415) 531-4639,Building Contractors-Commercial & Industrial,Home Builders,General Contractors,,,,,
Design Line Construction Inc.,Design Line Construction Inc.,,901 Castro St,San Francisco,CA,94114,(415) 647-1373,Building Contractors-Commercial & Industrial,Building Contractors,Home Builders,,,,,
Jeffery Goffo Construction,Jeffery Goffo Construction,,738 Elizabeth St,San Francisco,CA,94114,(415) 821-0407,Building Contractors-Commercial & Industrial,General Contractors,Home Builders,,,,,
Brian Harty Construction,Brian Harty Construction,,4171 24th St,San Francisco,CA,94114,(415) 655-3765,Building Contractors-Commercial & Industrial,Home Builders,General Contractors,,,,,
Usa National Construc,Usa National Construc,,3150 California St,San Francisco,CA,94115,(415) 928-2982,Building Contractors-Commercial & Industrial,Building Contractors,,,,,,
American Realty & Construction Inc,American Realty & Construction Inc,,1489 Webster St Ste 218,San Francisco,CA,94115,(415) 928-6600,Building Contractors-Commercial & Industrial,Home Builders,Real Estate Buyer Brokers,,,,,
K2 Builders,K2 Builders,,1600 Webster St,San Francisco,CA,94115,(415) 252-1507,Building Contractors-Commercial & Industrial,General Contractors,Real Estate Developers,,,,,
Built By Todd,Built By Todd,,1901 Turk St Apt 3,San Francisco,CA,94115,(415) 738-0618,Building Contractors-Commercial & Industrial,General Contractors,Altering & Remodeling Contractors,,,,,
Olson Design And Construction,Olson Design And Construction,,2130 Fillmore St,San Francisco,CA,94115,(415) 630-2135,Building Contractors-Commercial & Industrial,General Contractors,Building Contractors,,,,,
Canyon Construction,Canyon Construction,,2614 Buchanan St,San Francisco,CA,94115,(415) 654-5230,Building Contractors-Commercial & Industrial,General Contractors,Building Construction Consultants,,,,,
Ryan Associates,Ryan Associates,,2786 Broadway St,San Francisco,CA,94115,(415) 563-8171,Building Contractors-Commercial & Industrial,General Contractors,Real Estate Developers,,,,,
Stephenson Construction,Stephenson Construction,,1500 Mcallister St,San Francisco,CA,94115,(415) 872-6134,Building Contractors-Commercial & Industrial,Home Builders,General Contractors,,,,,
Plant Construction Co,Plant Construction Co,,2155 Webster St,San Francisco,CA,94115,(415) 928-1001,Building Contractors-Commercial & Industrial,Home Builders,Construction Management,,,,,
Landmark Construction,Landmark Construction,,2330 Geary Blvd,San Francisco,CA,94115,(415) 922-1169,Building Contractors-Commercial & Industrial,General Contractors,Building Construction Consultants,,,,,
Northhampton Properties,Northhampton Properties,,2606 Jackson St,San Francisco,CA,94115,(415) 567-0701,Building Contractors-Commercial & Industrial,Building Contractors,Altering & Remodeling Contractors,,,,,
Van Acker Construction,Van Acker Construction,,2520 Pacific Ave,San Francisco,CA,94115,(415) 655-3924,Building Contractors-Commercial & Industrial,General Contractors,Home Builders,,,,,
Redhorse Constructors,Redhorse Constructors,,2725 Jackson St,San Francisco,CA,94115,(415) 440-4082,Building Contractors-Commercial & Industrial,Home Builders,Construction Consultants,,,,,
Gar Construction Management,Gar Construction Management,,2602 Pacific Ave,San Francisco,CA,94115,(415) 796-2106,Building Contractors-Commercial & Industrial,Construction Management,General Contractors,,,,,
Saarman Construction,Saarman Construction,,3055 California St,San Francisco,CA,94115,(415) 400-5089,Building Contractors-Commercial & Industrial,Construction Management,Building Construction Consultants,,,,,
Construction Audio Services,Construction Audio Services,,2880 Broadway St,San Francisco,CA,94115,(415) 921-5157,Building Contractors-Commercial & Industrial,Home Builders,Real Estate Developers,,,,,
Jmk Construction Inc,Jmk Construction Inc,,3196 Pacific Ave,San Francisco,CA,94115,(415) 221-8272,Building Contractors-Commercial & Industrial,General Contractors,Real Estate Developers,,,,,
Jeter Built Construction,Jeter Built Construction,,2115 28th Ave,San Francisco,CA,94116,(530) 378-0803,Building Contractors-Commercial & Industrial,General Contractors,Construction Consultants,,,,,
Christopher Gate Construction,Christopher Gate Construction,,2006 10th Ave,San Francisco,CA,94116,(415) 608-3015,Building Contractors-Commercial & Industrial,General Contractors,Building Contractors,,,,,
A A Construction Co,A A Construction Co,,139 Mendosa Ave,San Francisco,CA,94116,(415) 850-1308,Building Contractors-Commercial & Industrial,Building Contractors,Altering & Remodeling Contractors,,,,,
Dam Construction,Dam Construction,,405 Taraval St,San Francisco,CA,94116,(415) 720-3119,Building Contractors-Commercial & Industrial,Building Contractors,Siding Contractors,,,,,
Linebarger Construction & Plumbing,Linebarger Construction & Plumbing,,2464 14th Ave,San Francisco,CA,94116,(415) 731-9235,Building Contractors-Commercial & Industrial,Plumbers,Altering & Remodeling Contractors,,,,,
Whelan & Whelan,Whelan & Whelan,,1353 Ulloa St,San Francisco,CA,94116,(415) 731-9241,Building Contractors-Commercial & Industrial,Building Contractors,Altering & Remodeling Contractors,,,,,
Kerley Construction Inc,Kerley Construction Inc,,2610 16th Ave,San Francisco,CA,94116,(415) 661-0335,Building Contractors-Commercial & Industrial,Building Construction Consultants,General Contractors,,,,,
Euro Tech Construction,Euro Tech Construction,,2115 28th Ave,San Francisco,CA,94116,(415) 564-5809,Building Contractors-Commercial & Industrial,Home Builders,Building Construction Consultants,,,,,
Spryscapes Construction,Spryscapes Construction,,1255 Vicente St,San Francisco,CA,94116,(415) 242-1196,Building Contractors-Commercial & Industrial,Home Builders,Landscape Designers & Consultants,,,,,
Extol Construction,Extol Construction,,2017 Taraval St,San Francisco,CA,94116,(415) 379-4747,Building Contractors-Commercial & Industrial,Home Builders,General Contractors,,,,,
Cy Lo Builder,Cy Lo Builder,,2455 32nd Ave,San Francisco,CA,94116,(415) 566-4473,Building Contractors-Commercial & Industrial,General Contractors,Altering & Remodeling Contractors,,,,,
Palm Construction,Palm Construction,,2563 33rd Ave,San Francisco,CA,94116,(415) 731-7060,Building Contractors-Commercial & Industrial,Building Contractors,Siding Contractors,,,,,
Pic Construction,Pic Construction,,2621 Vicente St,San Francisco,CA,94116,(415) 664-3698,Building Contractors-Commercial & Industrial,Home Builders,General Contractors,,,,,
Irc All Sidings,Irc All Sidings,,2782 40th Ave,San Francisco,CA,94116,(800) 559-0492,Building Contractors-Commercial & Industrial,Siding Contractors,"Windows-Repair, Replacement & Installation",,,,,
Camarina Construction Co,Camarina Construction Co,,2759 41st Ave,San Francisco,CA,94116,(415) 566-0423,Building Contractors-Commercial & Industrial,General Contractors,Altering & Remodeling Contractors,,,,,
Rosconn Construction,Rosconn Construction,,3525 Taraval St,San Francisco,CA,94116,(415) 379-4254,Building Contractors-Commercial & Industrial,Home Builders,Apartment Finder & Rental Service,,,,,
A Plus Contractors,A Plus Contractors,,912 Cole St # 203,San Francisco,CA,94117,(415) 946-0498,Building Contractors-Commercial & Industrial,Home Builders,General Contractors,,,,,
Color Renaissance,Color Renaissance,,530 Divisadero St,San Francisco,CA,94117,(415) 987-6329,Building Contractors-Commercial & Industrial,General Contractors,Painting Contractors,,,,,
Bedrock Construction,Bedrock Construction,,433 Haight St,San Francisco,CA,94117,(415) 934-1325,Building Contractors-Commercial & Industrial,General Contractors,Altering & Remodeling Contractors,BBB Rating: A+,,,,
Fineline Construction,Fineline Construction,,462 Duboce Ave,San Francisco,CA,94117,(415) 792-6957,Building Contractors-Commercial & Industrial,General Contractors,Home Builders,,,,,
Fulcrum Point Construction,Fulcrum Point Construction,,125 Lyon St,San Francisco,CA,94117,(415) 549-7654,Building Contractors-Commercial & Industrial,General Contractors,Home Builders,,,,,
Rosconn Construction,Rosconn Construction,,222 Webster St,San Francisco,CA,94117,(415) 529-1650,Building Contractors-Commercial & Industrial,Home Builders,Apartment Finder & Rental Service,,,,,
Vander Sterre Construction,Vander Sterre Construction,,634 Oak St,San Francisco,CA,94117,(415) 252-5510,Building Contractors-Commercial & Industrial,General Contractors,Altering & Remodeling Contractors,,,,,
Brennan John Co,Brennan John Co,,425 Divisadero St Ste 305,San Francisco,CA,94117,(415) 552-0640,Building Contractors-Commercial & Industrial,General Contractors,Building Contractors,,,,,
Plant Construction,Plant Construction,,1637 Oak St,San Francisco,CA,94117,(415) 817-1916,Building Contractors-Commercial & Industrial,Construction Management,Home Builders,,,,,
Gaelic Construction,Gaelic Construction,,224 Ashbury St,San Francisco,CA,94117,(415) 913-7735,Building Contractors-Commercial & Industrial,Building Contractors,Real Estate Developers,,,,,
Orion Construction Managers,Orion Construction Managers,,2166 Hayes St,San Francisco,CA,94117,(415) 666-9902,Building Contractors-Commercial & Industrial,Construction Management,General Contractors,,,,,
Design Line Construction,Design Line Construction,,25 Belgrave Ave,San Francisco,CA,94117,(415) 463-5703,Building Contractors-Commercial & Industrial,Home Builders,General Contractors,,,,,
Cairn Construction,Cairn Construction,,547 Frederick St,San Francisco,CA,94117,(415) 661-4725,Building Contractors-Commercial & Industrial,General Contractors,Building Construction Consultants,BBB Rating: A+,,,,
Lee Family Corporation,Lee Family Corporation,,778 11th Ave,San Francisco,CA,94118,(415) 751-2669,Building Contractors-Commercial & Industrial,Building Contractors,Roofing Contractors-Commercial & Industrial,BBB Rating: A+,,,,
Mizen Construction,Mizen Construction,,46 Rossi Ave,San Francisco,CA,94118,(415) 517-3377,Building Contractors-Commercial & Industrial,General Contractors,Home Builders,,,,,
Malagic Construction,Malagic Construction,,3410 Geary Blvd,San Francisco,CA,94118,(415) 752-2396,Building Contractors-Commercial & Industrial,General Contractors,Home Builders,,,,,
Jeff King & Co,Jeff King & Co,,251 Balboa St,San Francisco,CA,94118,(415) 221-5012,Building Contractors-Commercial & Industrial,Construction Consultants,Altering & Remodeling Contractors,BBB Rating: A+,,,,
Equator Development Corporation,Equator Development Corporation,,100 Walnut St,San Francisco,CA,94118,(415) 346-3609,Building Contractors-Commercial & Industrial,Altering & Remodeling Contractors,Building Contractors,,,,,
Design Line Construction,Design Line Construction,,115 Walnut St,San Francisco,CA,94118,(415) 829-2718,Building Contractors-Commercial & Industrial,Home Builders,General Contractors,,,,,
Narrowback Construction Co Inc,Narrowback Construction Co Inc,,2656 Mcallister St,San Francisco,CA,94118,(415) 647-1069,Building Contractors-Commercial & Industrial,General Contractors,Building Construction Consultants,,,,,
Towey,Towey,,3626 Geary Blvd,San Francisco,CA,94118,(415) 731-2869,Building Contractors-Commercial & Industrial,Home Builders,Real Estate Developers,,,,,
Prospect Construction,Prospect Construction,,215 Balboa St,San Francisco,CA,94118,(415) 571-8596,Building Contractors-Commercial & Industrial,Home Builders,General Contractors,,,,,
Starlite Construction Co,Starlite Construction Co,,620 6th Ave,San Francisco,CA,94118,(415) 203-8139,Building Contractors-Commercial & Industrial,Building Contractors,Altering & Remodeling Contractors,,,,,
B H M Construction,B H M Construction,,251 6th Ave,San Francisco,CA,94118,(415) 221-1484,Building Contractors-Commercial & Industrial,Construction Management,Home Builders,,,,,
R W Construction,R W Construction,,371 10th Ave,San Francisco,CA,94118,(415) 370-3739,Building Contractors-Commercial & Industrial,Building Contractors,Altering & Remodeling Contractors,,,,,
Heavy Duty Construction,Heavy Duty Construction,,4630 Geary Blvd,San Francisco,CA,94118,(415) 379-3900,Building Contractors-Commercial & Industrial,Building Construction Consultants,Home Builders,,,,,
Biltwell Development Co,Biltwell Development Co,,4745 Geary Blvd,San Francisco,CA,94118,(415) 668-5565,Building Contractors-Commercial & Industrial,Altering & Remodeling Contractors,Building Contractors,,,,,
Josmari Builders,Josmari Builders,,583 15th Ave,San Francisco,CA,94118,(415) 221-2071,Building Contractors-Commercial & Industrial,General Contractors,Home Improvements,BBB Rating: A+,,,,
Building Efficiency,Building Efficiency,,779 32nd Ave,San Francisco,CA,94121,(415) 831-4535,Building Contractors-Commercial & Industrial,Altering & Remodeling Contractors,Building Construction Consultants,,,,,
United Builder Co,United Builder Co,,3422 Balboa St,San Francisco,CA,94121,(415) 386-2223,Building Contractors-Commercial & Industrial,,,,,,,
McCluskey Construction,McCluskey Construction,,2822 Clement St,San Francisco,CA,94121,(415) 750-1121,Building Contractors-Commercial & Industrial,General Contractors,Building Contractors,BBB Rating: A+,,,,
T W Eng Construction Co,T W Eng Construction Co,,3542 Balboa St,San Francisco,CA,94121,(415) 387-4555,Building Contractors-Commercial & Industrial,General Contractors,Altering & Remodeling Contractors,,,,,
K & D Construction,K & D Construction,,854 29th Ave,San Francisco,CA,94121,(415) 933-8940,Building Contractors-Commercial & Industrial,Home Builders,Construction Management,,,,,
L Cabral Construction Co,L Cabral Construction Co,,20 Sea View Ter,San Francisco,CA,94121,(415) 213-5610,Building Contractors-Commercial & Industrial,General Contractors,Home Builders,,,,,
Hughes And Company construction,Hughes And Company construction,,2100 Clement St,San Francisco,CA,94121,(415) 463-5069,Building Contractors-Commercial & Industrial,Home Builders,General Contractors,,,,,
Georgiou Construction,Georgiou Construction,,471 24th Ave,San Francisco,CA,94121,(415) 221-2437,Building Contractors-Commercial & Industrial,Home Builders,Plumbers,,,,,
Trush Construction Co Inc,Trush Construction Co Inc,,90 25th Ave,San Francisco,CA,94121,(415) 386-2885,Building Contractors-Commercial & Industrial,Home Builders,General Contractors,,,,,
Fong B Construction Co,Fong B Construction Co,,867 29th Ave,San Francisco,CA,94121,(415) 750-9809,Building Contractors-Commercial & Industrial,Building Contractors,Home Builders,,,,,
Design Milagros Construction and Remodeling,Design Milagros Construction and Remodeling,,142 28th Ave,San Francisco,CA,94121,(415) 213-5187,Building Contractors-Commercial & Industrial,Home Builders,Home Improvements,,,,,
Heaven's Earth Co Inc,Heaven's Earth Co Inc,,5432 Fulton St,San Francisco,CA,94121,(415) 831-2963,Building Contractors-Commercial & Industrial,Building Contractors,Altering & Remodeling Contractors,,,,,
Moroso Construction,Moroso Construction,,520 El Camino Del Mar,San Francisco,CA,94121,(415) 941-7346,Building Contractors-Commercial & Industrial,Construction Management,Home Builders,,,,,
D & S Leong Association Inc,D & S Leong Association Inc,,540 34th Ave,San Francisco,CA,94121,(415) 221-3838,Building Contractors-Commercial & Industrial,General Contractors,Building Contractors,,,,,
Peninsula Realty & Construction Co,Peninsula Realty & Construction Co,,543 38th Ave,San Francisco,CA,94121,(415) 752-5847,Building Contractors-Commercial & Industrial,Home Builders,,,,,,
First Orthodox Presbyterian Church,First Orthodox Presbyterian Church,,1350 Lawton St,San Francisco,CA,94122,(650) 557-0826,Building Contractors-Commercial & Industrial,Orthodox Presbyterian Churches,Methodist Churches,,,,,
Expert Plumbing Solutions,Expert Plumbing Solutions,,1465 44th Ave,San Francisco,CA,94122,(415) 531-5340,Building Contractors-Commercial & Industrial,Construction Consultants,Building Construction Consultants,BBB Rating: A+,,,,
Swim Studio,Swim Studio,,1243 12th Ave,San Francisco,CA,94122,(415) 731-7946,Building Contractors-Commercial & Industrial,Designers-Industrial & Commercial,Architects,,,,,
Andrew Mihailovsky Contractor,Andrew Mihailovsky Contractor,,121 Noriega St,San Francisco,CA,94122,(415) 661-4771,Building Contractors-Commercial & Industrial,Building Contractors,General Contractors,,,,,
Wilcox Construction,Wilcox Construction,,1722 8th Ave,San Francisco,CA,94122,(415) 661-5500,Building Contractors-Commercial & Industrial,General Contractors,Home Builders,,,,,
Riley Construction Inc 2,Riley Construction Inc 2,,1622 Funston Ave,San Francisco,CA,94122,(415) 566-7885,Building Contractors-Commercial & Industrial,General Contractors,Real Estate Developers,,,,,
M Squared Construction,M Squared Construction,,1278 20th Ave,San Francisco,CA,94122,(415) 661-6976,Building Contractors-Commercial & Industrial,General Contractors,Utility Contractors,,,,,
Peter Balla Construction,Peter Balla Construction,,1352 10th Ave,San Francisco,CA,94122,(415) 595-7068,Building Contractors-Commercial & Industrial,Kitchen Planning & Remodeling Service,Building Contractors,BBB Rating: A+,,,,
P3 Construction & Remodel,P3 Construction & Remodel,,919 Irving St,San Francisco,CA,94122,(415) 829-7365,Building Contractors-Commercial & Industrial,Home Builders,Home Improvements,,,,,
Guinnane Construction,Guinnane Construction,,1201 14th Ave,San Francisco,CA,94122,(415) 731-1790,Building Contractors-Commercial & Industrial,Construction Estimates,Home Builders,,,,,
Abj Construction,Abj Construction,,1769 11th Ave,San Francisco,CA,94122,(415) 340-3352,Building Contractors-Commercial & Industrial,Home Builders,General Contractors,,,,,
Leix Construction,Leix Construction,,1608 Irving St,San Francisco,CA,94122,(415) 753-5547,Building Contractors-Commercial & Industrial,Home Builders,General Contractors,,,,,
"Hammerhouse Construction, Inc.","Hammerhouse Construction, Inc.",,1250 Kirkham St,San Francisco,CA,94122,(415) 516-2690,Building Contractors-Commercial & Industrial,General Contractors,Real Estate Developers,,,,,
Aero Construction,Aero Construction,,1315 23rd Ave,San Francisco,CA,94122,(415) 340-3385,Building Contractors-Commercial & Industrial,General Contractors,Real Estate Developers,,,,,
Sfg Construction,Sfg Construction,,1758 30th Ave,San Francisco,CA,94122,(415) 759-0129,Building Contractors-Commercial & Industrial,Home Builders,General Contractors,,,,,
Advanced Design,Advanced Design,,3922 Kirkham St,San Francisco,CA,94122,(415) 759-6962,Building Contractors-Commercial & Industrial,General Contractors,Building Contractors,,,,,
Le Flor Janitorial,Le Flor Janitorial,,189 Magnolia St,San Francisco,CA,94123,(415) 440-2447,Building Contractors-Commercial & Industrial,Janitorial Service,Power Washing,BBB Rating: A+,,,,
Ginger Bread Builders,Ginger Bread Builders,,1775 Union St,San Francisco,CA,94123,(415) 796-2456,Building Contractors-Commercial & Industrial,General Contractors,Real Estate Developers,,,,,
Larkspur Builders,Larkspur Builders,,1686 Union St Ste 211,San Francisco,CA,94123,(415) 760-2123,Building Contractors-Commercial & Industrial,General Contractors,Altering & Remodeling Contractors,BBB Rating: A,,,,
Ebw Builders Inc,Ebw Builders Inc,,2860 Laguna St,San Francisco,CA,94123,(415) 567-9900,Building Contractors-Commercial & Industrial,Home Builders,Altering & Remodeling Contractors,,,,,
Cook Construction,Cook Construction,,2314 Filbert St,San Francisco,CA,94123,(415) 308-8151,Building Contractors-Commercial & Industrial,Construction Management,Home Builders,,,,,
Adamas Builders,Adamas Builders,,3210 Fillmore St,San Francisco,CA,94123,(415) 792-6507,Building Contractors-Commercial & Industrial,General Contractors,Home Builders,,,,,
Cello Maudru Construction Inc,Cello Maudru Construction Inc,,2626 Filbert St,San Francisco,CA,94123,(415) 829-7571,Building Contractors-Commercial & Industrial,General Contractors,Real Estate Developers,,,,,
Kevin Webb Construction,Kevin Webb Construction,,3298 Pierce St,San Francisco,CA,94123,(415) 474-9905,Building Contractors-Commercial & Industrial,General Contractors,Real Estate Developers,,,,,
Bay Area Mechanical and Enginnering Inc.,Bay Area Mechanical and Enginnering Inc.,,148 Mendell St,San Francisco,CA,94124,(415) 822-1516,Building Contractors-Commercial & Industrial,Heating Equipment & Systems,"Automatic Fire Sprinklers-Residential, Commercial & Industrial",,,,,
ACE Plumbing And Rooter,ACE Plumbing And Rooter,,2200 Jerrold Ave,San Francisco,CA,94124,(415) 822-6333,Building Contractors-Commercial & Industrial,Building Contractors,Plumbing-Drain & Sewer Cleaning,,,,,
Stars Awning Company Inc.,Stars Awning Company Inc.,,1068 Shafter Ave,San Francisco,CA,94124,(415) 822-8206,Building Contractors-Commercial & Industrial,Awnings & Canopies,Awnings & Canopies-Repair & Service,,,,,
Stenson-Pacific Elevator Co,Stenson-Pacific Elevator Co,,676 Toland Pl,San Francisco,CA,94124,(415) 826-2050,Building Contractors-Commercial & Industrial,Elevator Repair,Elevators,,,,,
Bayview Hunters Point Builders Exchange,Bayview Hunters Point Builders Exchange,,3450 3rd St Ste 4a,San Francisco,CA,94124,(415) 824-2907,Building Contractors-Commercial & Industrial,,,,,,,
Cahill Contractors,Cahill Contractors,,780 Kirkwood Ave,San Francisco,CA,94124,(415) 374-7350,Building Contractors-Commercial & Industrial,Home Builders,,,,,,
Clossey Tom Builder,Clossey Tom Builder,,909 Palou Ave,San Francisco,CA,94124,(415) 374-7082,Building Contractors-Commercial & Industrial,Real Estate Developers,,,,,,
Cahill Contractors,Cahill Contractors,,350 Friedell St,San Francisco,CA,94124,(415) 800-8529,Building Contractors-Commercial & Industrial,Home Builders,,,,,,
Herrero Builders Incorporated,Herrero Builders Incorporated,,2100 Oakdale Ave,San Francisco,CA,94124,(415) 824-7675,Building Contractors-Commercial & Industrial,General Contractors,Building Construction Consultants,BBB Rating: A+,,,,
Plant Construction Company,Plant Construction Company,,300 Newhall St,San Francisco,CA,94124,(415) 285-0500,Building Contractors-Commercial & Industrial,Home Builders,Building Contractors,BBB Rating: A+,,,,
Lindquist Custom Construction,Lindquist Custom Construction,,2200 Jerrold Ave,San Francisco,CA,94124,(415) 647-7455,Building Contractors-Commercial & Industrial,General Contractors,Home Builders,,,,,
Firth Construction,Firth Construction,,80 Apparel Way,San Francisco,CA,94124,(415) 647-1128,Building Contractors-Commercial & Industrial,Home Builders,General Contractors,,,,,
Pegasus Builders,Pegasus Builders,,55 Dorman Ave,San Francisco,CA,94124,(415) 400-5423,Building Contractors-Commercial & Industrial,General Contractors,Real Estate Developers,,,,,
Iturralde Construction,Iturralde Construction,,40 Topeka Ave,San Francisco,CA,94124,(415) 637-6940,Building Contractors-Commercial & Industrial,General Contractors,Kitchen Planning & Remodeling Service,,,,,
Collier Ostrom Inc,Collier Ostrom Inc,,1395 Fairfax Ave,San Francisco,CA,94124,(415) 206-0803,Building Contractors-Commercial & Industrial,General Contractors,Altering & Remodeling Contractors,BBB Rating: A+,,,,
Turner Group Construction,Turner Group Construction,,1485 Bay Shore Blvd Ste 320d,San Francisco,CA,94124,(415) 656-0400,Building Contractors-Commercial & Industrial,General Contractors,Construction Management,,,,,
Hing Wah Construction,Hing Wah Construction,,1485 Bay Shore Blvd,San Francisco,CA,94124,(415) 715-8640,Building Contractors-Commercial & Industrial,General Contractors,Home Builders,,,,,
R & D Construction,R & D Construction,,1485 Bay Shore Blvd,San Francisco,CA,94124,(415) 347-7884,Building Contractors-Commercial & Industrial,Home Builders,General Contractors,,,,,
Cazadoro Construction Inc,Cazadoro Construction Inc,,1485 Bay Shore Blvd,San Francisco,CA,94124,(415) 466-6093,Building Contractors-Commercial & Industrial,General Contractors,Home Builders,,,,,
Acorn Construction,Acorn Construction,,1775 Egbert Ave,San Francisco,CA,94124,(415) 467-8888,Building Contractors-Commercial & Industrial,Building Contractors,Altering & Remodeling Contractors,,,,,
Bannon Construction Inc,Bannon Construction Inc,,845 Hudson Ave,San Francisco,CA,94124,(415) 642-4074,Building Contractors-Commercial & Industrial,General Contractors,Real Estate Developers,,,,,
Nation's Roofing Company,Nation's Roofing Company,,1160 Quesada Ave,San Francisco,CA,94124,(415) 731-8181,Building Contractors-Commercial & Industrial,Shingles,Roofing Contractors,BBB Rating: A+,,,,
Gonzalez Concrete,Gonzalez Concrete,,1160 Revere Ave,San Francisco,CA,94124,(415) 822-8384,Building Contractors-Commercial & Industrial,Concrete Contractors,Driveway Contractors,BBB Rating: A+,,,,
Berkel and Company Contractors,Berkel and Company Contractors,,1145 Revere Ave,San Francisco,CA,94124,(415) 525-4051,Building Contractors-Commercial & Industrial,General Contractors,Concrete Contractors,,,,,
Bay Area Mechanical & Enginnering Inc.,Bay Area Mechanical & Enginnering Inc.,,1415 Donner Ave,San Francisco,CA,94124,(415) 822-1516,Building Contractors-Commercial & Industrial,Boiler Repair & Cleaning,Plumbers,,,,,
KC Construction,KC Construction,,1100 Thomas Ave,San Francisco,CA,94124,(415) 822-8904,Building Contractors-Commercial & Industrial,General Contractors,Home Builders,,,,,
Trinet Construction Inc,Trinet Construction Inc,,2560 Marin St,San Francisco,CA,94124,(415) 695-7814,Building Contractors-Commercial & Industrial,General Contractors,,,,,,
Admond Construction Inc,Admond Construction Inc,,1800 Cesar Chavez,San Francisco,CA,94124,(415) 282-7998,Building Contractors-Commercial & Industrial,Building Contractors,Real Estate Developers,,,,,
Ireland Interior Systems Inc,Ireland Interior Systems Inc,,235 Bay Shore Blvd,San Francisco,CA,94124,(415) 671-2903,Building Contractors-Commercial & Industrial,"Ceilings-Supplies, Repair & Installation",,,,,,
Hois Construction,Hois Construction,,2246 Jerrold Ave Ste 6,San Francisco,CA,94124,(415) 416-6141,Building Contractors-Commercial & Industrial,Construction Management,Home Builders,,,,,
Mission Constructors Inc.,Mission Constructors Inc.,,2177 Jerrold Ave Ste 202,San Francisco,CA,94124,(415) 282-8453,Building Contractors-Commercial & Industrial,General Contractors,Building Contractors,BBB Rating: A+,,,,
Shanta Design Build,Shanta Design Build,,87 Loomis St,San Francisco,CA,94124,(415) 821-4091,Building Contractors-Commercial & Industrial,General Contractors,Home Builders,BBB Rating: A+,,,,
CBS Construction Inc,CBS Construction Inc,,2198 Oakdale Ave,San Francisco,CA,94124,(415) 678-5357,Building Contractors-Commercial & Industrial,General Contractors,Building Construction Consultants,,,,,
Moore RJ Construction,Moore RJ Construction,,1559 Custer Ave,San Francisco,CA,94124,(415) 206-9100,Building Contractors-Commercial & Industrial,Building Contractors,Real Estate Developers,,,,,
Malpas & Birmingham Inc,Malpas & Birmingham Inc,,70 Dorman Ave,San Francisco,CA,94124,(415) 285-8508,Building Contractors-Commercial & Industrial,General Contractors,Building Contractors,,,,,
P & J Utility Company,P & J Utility Company,,41 Dorman Ave Ste 1,San Francisco,CA,94124,(415) 284-0307,Building Contractors-Commercial & Industrial,Building Contractors,Altering & Remodeling Contractors,,,,,
Denning Cabinetry,Denning Cabinetry,,25 Dorman Ave,San Francisco,CA,94124,(415) 285-1311,Building Contractors-Commercial & Industrial,Cabinet Makers,Cabinets,BBB Rating: A+,,,,
RC Wilson Construction,RC Wilson Construction,,131 Quint St,San Francisco,CA,94124,(415) 282-4200,Building Contractors-Commercial & Industrial,Home Builders,Real Estate Developers,,,,,
Aaron Gordon Construction Inc,Aaron Gordon Construction Inc,,2261 Shafter Ave,San Francisco,CA,94124,(415) 742-4900,Building Contractors-Commercial & Industrial,Building Contractors,Home Builders,,,,,
Rubecon Builders,Rubecon Builders,,3450 3rd St Ste 1b,San Francisco,CA,94124,(415) 206-7740,Building Contractors-Commercial & Industrial,General Contractors,Building Contractors,,,,,
CMC Construction,CMC Construction,,3450 3rd St Ste 3g,San Francisco,CA,94124,(415) 206-1700,Building Contractors-Commercial & Industrial,General Contractors,Construction Consultants,,,,,
Dajani Construction,Dajani Construction,,1555 Burke Ave,San Francisco,CA,94124,(415) 822-3091,Building Contractors-Commercial & Industrial,Home Builders,General Contractors,,,,,
R & S Construction Management,R & S Construction Management,,1555 Burke Ave,San Francisco,CA,94124,(415) 872-9935,Building Contractors-Commercial & Industrial,Construction Management,General Contractors,,,,,
Cal State Constructors,Cal State Constructors,,1700 Jerrold Ave,San Francisco,CA,94124,(415) 647-7791,Building Contractors-Commercial & Industrial,General Contractors,Construction Management,,,,,
Michael Heavey Construction,Michael Heavey Construction,,4342 3rd St,San Francisco,CA,94124,(415) 822-4300,Building Contractors-Commercial & Industrial,Home Builders,Concrete Contractors,,,,,
L Cabral Construction,L Cabral Construction,,1355 Fairfax Ave,San Francisco,CA,94124,(415) 401-8954,Building Contractors-Commercial & Industrial,Construction Consultants,Construction Management,,,,,
Avalon Construction,Avalon Construction,,5165 3rd St,San Francisco,CA,94124,(415) 822-0822,Building Contractors-Commercial & Industrial,Construction Consultants,General Contractors,,,,,
"Abbeyside Construction, Inc.","Abbeyside Construction, Inc.",,1485 Bay Shore Blvd Ste 130,San Francisco,CA,94124,(415) 656-0300,Building Contractors-Commercial & Industrial,Construction Estimates,General Contractors,BBB Rating: A+,,,,
Eagle Environmental Construction Inc,Eagle Environmental Construction Inc,,1485 Bay Shore Blvd Ste 148,San Francisco,CA,94124,(415) 715-1450,Building Contractors-Commercial & Industrial,General Contractors,Construction Management,BBB Rating: A+,,,,
Springline Inc,Springline Inc,,1485 Bay Shore Blvd Ste 120,San Francisco,CA,94124,(415) 859-5904,Building Contractors-Commercial & Industrial,General Contractors,Building Contractors,,,,,
Georgiun Construction,Georgiun Construction,,1789 Egbert Ave,San Francisco,CA,94124,(415) 467-7510,Building Contractors-Commercial & Industrial,Home Builders,Plumbers,,,,,
Skyline Construction,Skyline Construction,,200 Paul Ave,San Francisco,CA,94124,(415) 330-1050,Building Contractors-Commercial & Industrial,Home Builders,Building Contractors,,,,,
Cannon Constructors,Cannon Constructors,,5800 3rd St,San Francisco,CA,94124,(415) 817-1846,Building Contractors-Commercial & Industrial,General Contractors,Building Construction Consultants,,,,,
Troosh Construction,Troosh Construction,,1555 Yosemite Ave,San Francisco,CA,94124,(415) 822-2144,Building Contractors-Commercial & Industrial,General Contractors,Altering & Remodeling Contractors,BBB Rating: A+,,,,
Saturn Construction,Saturn Construction,,1555 Yosemite Ave,San Francisco,CA,94124,(415) 822-8333,Building Contractors-Commercial & Industrial,General Contractors,Construction Management,BBB Rating: A+,,,,
TLK Steel Inc,TLK Steel Inc,,1300 Van Dyke Ave,San Francisco,CA,94124,(415) 822-2198,Building Contractors-Commercial & Industrial,General Contractors,Building Contractors,,,,,
Mr. Patch Roofing and Maintenance,Mr. Patch Roofing and Maintenance,,1265 Shafter Ave,San Francisco,CA,94124,(415) 822-0767,Building Contractors-Commercial & Industrial,Roofing Contractors,Gutters & Downspouts,,,,,
Highland Construction Co,Highland Construction Co,,1250 Thomas Ave,San Francisco,CA,94124,(415) 822-5900,Building Contractors-Commercial & Industrial,Roofing Contractors,Home Builders,BBB Rating: A+,,,,
Tlk Steel Inc,Tlk Steel Inc,,1212 Thomas Ave,San Francisco,CA,94124,(415) 822-2391,Building Contractors-Commercial & Industrial,General Contractors,,,,,,
Michael Heavey Construction,Michael Heavey Construction,,2225 Ingalls St,San Francisco,CA,94124,(415) 822-4300,Building Contractors-Commercial & Industrial,Home Builders,Concrete Contractors,,,,,
C M Construction,C M Construction,,2727 Jennings St,San Francisco,CA,94124,(415) 822-6088,Building Contractors-Commercial & Industrial,General Contractors,Altering & Remodeling Contractors,BBB Rating: A+,,,,
Seafront,Seafront,,800 Innes Ave,San Francisco,CA,94124,(415) 550-8426,Building Contractors-Commercial & Industrial,General Contractors,,,,,,
Apollo Construction Co,Apollo Construction Co,,1127 Shafter Ave,San Francisco,CA,94124,(415) 671-2008,Building Contractors-Commercial & Industrial,Home Builders,Construction Management,BBB Rating: A+,,,,
Seddon Construction Company,Seddon Construction Company,,947 Palou Ave,San Francisco,CA,94124,(415) 643-4800,Building Contractors-Commercial & Industrial,General Contractors,Real Estate Developers,BBB Rating: A+,,,,
Candlestick Contractors,Candlestick Contractors,,700 Gilman Ave,San Francisco,CA,94124,(415) 872-9015,Building Contractors-Commercial & Industrial,General Contractors,Home Builders,,,,,
LG Custom Builders,LG Custom Builders,,58 W Portal Ave,San Francisco,CA,94127,(415) 287-6683,Building Contractors-Commercial & Industrial,Altering & Remodeling Contractors,General Contractors,BBB Rating: A+,,,,
O'Donnell James,O'Donnell James,,163 Molimo Dr,San Francisco,CA,94127,(415) 584-3240,Building Contractors-Commercial & Industrial,,,,,,,
Art General Roofing,Art General Roofing,,360 Moncada Way,San Francisco,CA,94127,(415) 929-9494,Building Contractors-Commercial & Industrial,Roofing Contractors,Skylights,,,,,
Commins Construction,Commins Construction,,835 Urbano Dr,San Francisco,CA,94127,(415) 239-1353,Building Contractors-Commercial & Industrial,Kitchen Planning & Remodeling Service,Altering & Remodeling Contractors,BBB Rating: A+,,,,
Kevin Sullivan Construction,Kevin Sullivan Construction,,140 Chaves Ave,San Francisco,CA,94127,(415) 759-9655,Building Contractors-Commercial & Industrial,General Contractors,Home Builders,BBB Rating: A+,,,,
Sotac Construction Company,Sotac Construction Company,,425B Monterey Blvd,San Francisco,CA,94127,(415) 587-7422,Building Contractors-Commercial & Industrial,Home Builders,Construction Consultants,,,,,
Brendodn Quinland Construction,Brendodn Quinland Construction,,63 Wawona St,San Francisco,CA,94127,(415) 504-7811,Building Contractors-Commercial & Industrial,Home Builders,Real Estate Developers,,,,,
Skycore Construction,Skycore Construction,,236 W Portal Ave # 125,San Francisco,CA,94127,(415) 333-4211,Building Contractors-Commercial & Industrial,General Contractors,Altering & Remodeling Contractors,,,,,
Gar Construction Management,Gar Construction Management,,285 San Anselmo Ave,San Francisco,CA,94127,(415) 571-8713,Building Contractors-Commercial & Industrial,Construction Management,Home Builders,,,,,
Macken Construction,Macken Construction,,198 El Verano Way,San Francisco,CA,94127,(415) 334-7492,Building Contractors-Commercial & Industrial,Home Builders,Building Contractors,,,,,
for to DO,for to DO,,2367 Ocean Ave,San Francisco,CA,94127,(415) 282-1601,Building Contractors-Commercial & Industrial,Tennis Court Construction,Home Builders,,,,,
Tricrop Construction,Tricrop Construction,,1504 Pershing Dr,San Francisco,CA,94129,(415) 379-4360,Building Contractors-Commercial & Industrial,General Contractors,Home Builders,,,,,
Cahill Contractors,Cahill Contractors,,301 Macalla Ct,San Francisco,CA,94130,(415) 525-3542,Building Contractors-Commercial & Industrial,Home Builders,,,,,,
Golden State Bridge Inc,Golden State Bridge Inc,,1 Avenue Of The Palms Ave,San Francisco,CA,94130,(415) 796-2678,Building Contractors-Commercial & Industrial,,,,,,,
Yerba Buena Builders Inc,Yerba Buena Builders Inc,,725 California Ave,San Francisco,CA,94130,(415) 861-4269,Building Contractors-Commercial & Industrial,General Contractors,Home Builders,,,,,
Dannys Construction Company,Dannys Construction Company,,1 Avenue Of The Palms Ave Ste 156,San Francisco,CA,94130,(415) 772-1991,Building Contractors-Commercial & Industrial,Construction Management,Home Builders,,,,,
Salimi Construction Management,Salimi Construction Management,,1 Avenue Of The Palms Ave,San Francisco,CA,94130,(415) 829-3969,Building Contractors-Commercial & Industrial,Construction Management,General Contractors,,,,,
Rcj & Assoc,Rcj & Assoc,,51 Macalla Rd,San Francisco,CA,94130,(415) 529-1087,Building Contractors-Commercial & Industrial,General Contractors,Building Contractors,,,,,
Wallace Remodeling Inc,Wallace Remodeling Inc,,400 Day St,San Francisco,CA,94131,(415) 550-1993,Building Contractors-Commercial & Industrial,Home Improvements,Altering & Remodeling Contractors,BBB Rating: A+,,,,
Calplumbing Co,Calplumbing Co,,5262 Diamond Heights Blvd,San Francisco,CA,94131,(415) 221-4633,Building Contractors-Commercial & Industrial,Home Improvements,Sewer Cleaners & Repairers,,,,,
Galagher Construction,Galagher Construction,,525 27th St,San Francisco,CA,94131,(415) 824-4173,Building Contractors-Commercial & Industrial,Building Contractors,,,,,,
Patten Construction,Patten Construction,,1477 Sanchez St,San Francisco,CA,94131,(415) 269-6235,Building Contractors-Commercial & Industrial,Building Contractors,Altering & Remodeling Contractors,,,,,
Halperin Construction Co,Halperin Construction Co,,318 28th St,San Francisco,CA,94131,(415) 826-1778,Building Contractors-Commercial & Industrial,Building Contractors,Home Builders,,,,,
Pete Moffat Construction,Pete Moffat Construction,,538 28th St,San Francisco,CA,94131,(415) 796-3722,Building Contractors-Commercial & Industrial,Home Builders,General Contractors,,,,,
Joseph & Maria Vaccaro & Co,Joseph & Maria Vaccaro & Co,,507 29th St,San Francisco,CA,94131,(415) 824-3341,Building Contractors-Commercial & Industrial,Concrete Contractors,,,,,,
Bradford Construction,Bradford Construction,,1915 Diamond St,San Francisco,CA,94131,(415) 695-0861,Building Contractors-Commercial & Industrial,Home Builders,General Contractors,,,,,
Cello Maudru Construction,Cello Maudru Construction,,147 Laidley St,San Francisco,CA,94131,(415) 829-3983,Building Contractors-Commercial & Industrial,Home Builders,General Contractors,,,,,
Socal Construction Inc,Socal Construction Inc,,65 Turquoise Way,San Francisco,CA,94131,(415) 824-2962,Building Contractors-Commercial & Industrial,Building Contractors,Real Estate Developers,,,,,
J B Construction,J B Construction,,50 Sussex St,San Francisco,CA,94131,(415) 587-3253,Building Contractors-Commercial & Industrial,Altering & Remodeling Contractors,Building Construction Consultants,,,,,
Yellow Zone Construction Inc,Yellow Zone Construction Inc,,90 Denslowe Dr,San Francisco,CA,94132,(415) 652-4747,Building Contractors-Commercial & Industrial,Building Contractors,Altering & Remodeling Contractors,,,,,
Amoroso Construction,Amoroso Construction,,3500 Great Hwy,San Francisco,CA,94132,(415) 682-7201,Building Contractors-Commercial & Industrial,Construction Consultants,Home Builders,,,,,
One Workplace,One Workplace,,99 Osgood Pl,San Francisco,CA,94133,(415) 296-1066,Building Contractors-Commercial & Industrial,Designers-Industrial & Commercial,,,,,,
Isidore Mahon Construction,Isidore Mahon Construction,,2027 Saint Louis Aly,San Francisco,CA,94133,(415) 869-6131,Building Contractors-Commercial & Industrial,General Contractors,Building Restoration & Preservation,,,,,
NCR Construction,NCR Construction,,1035 Grant Ave,San Francisco,CA,94133,(510) 844-5717,Building Contractors-Commercial & Industrial,Home Builders,,,,,,
Wellbuilt Construction,Wellbuilt Construction,,1750 Taylor St,San Francisco,CA,94133,(415) 800-7660,Building Contractors-Commercial & Industrial,General Contractors,Home Builders,,,,,
Metaform Product Development,Metaform Product Development,,1558 Powell St,San Francisco,CA,94133,(415) 956-1240,Building Contractors-Commercial & Industrial,General Contractors,Architects,,,,,
Mountain Bay Construction,Mountain Bay Construction,,435 Pacific Ave Ste 250,San Francisco,CA,94133,(415) 394-7557,Building Contractors-Commercial & Industrial,General Contractors,Building Contractors,,,,,
Kansai Developement Inc,Kansai Developement Inc,,435 Pacific Ave Fl 2,San Francisco,CA,94133,(415) 394-7555,Building Contractors-Commercial & Industrial,Building Contractors,General Contractors,,,,,
"Hon's Construction, Inc.","Hon's Construction, Inc.",,519 Green St,San Francisco,CA,94133,(415) 810-8286,Building Contractors-Commercial & Industrial,Building Contractors,Altering & Remodeling Contractors,,,,,
Birmingham Builders Inc,Birmingham Builders Inc,,50 Osgood Pl Ste 340,San Francisco,CA,94133,(415) 552-2025,Building Contractors-Commercial & Industrial,Home Builders,Real Estate Developers,,,,,
Stroub Construction Company,Stroub Construction Company,,62 Valparaiso St,San Francisco,CA,94133,(415) 614-9398,Building Contractors-Commercial & Industrial,Home Builders,Construction Management,,,,,
Building Elevator,Building Elevator,,720 Lombard St,San Francisco,CA,94133,(415) 441-1525,Building Contractors-Commercial & Industrial,Building Maintenance,General Contractors,,,,,
Nation Fidelity Construction,Nation Fidelity Construction,,525 Chestnut St,San Francisco,CA,94133,(415) 398-4022,Building Contractors-Commercial & Industrial,Building Contractors,Altering & Remodeling Contractors,,,,,
Niederberger Peter,Niederberger Peter,,2351 Powell St,San Francisco,CA,94133,(415) 956-9103,Building Contractors-Commercial & Industrial,General Contractors,Altering & Remodeling Contractors,,,,,
AMS Construction,AMS Construction,,2660 San Bruno Ave,San Francisco,CA,94134,(415) 654-6624,Building Contractors-Commercial & Industrial,General Contractors,Home Builders,BBB Rating: A,,,,
Skycore Corp.,Skycore Corp.,,261 Gambier St,San Francisco,CA,94134,(415) 333-4211,Building Contractors-Commercial & Industrial,Building Contractors,General Contractors,,,,,
Geniali Construction,Geniali Construction,,98 Wayland St,San Francisco,CA,94134,(415) 468-1515,Building Contractors-Commercial & Industrial,Home Builders,Building Contractors,,,,,
Rubecon Builders Inc.,Rubecon Builders Inc.,,3455 San Bruno Ave,San Francisco,CA,94134,(415) 561-9597,Building Contractors-Commercial & Industrial,Building Construction Consultants,Home Builders,,,,,
Roebuck Construction,Roebuck Construction,,1298 Girard St,San Francisco,CA,94134,(415) 466-6260,Building Contractors-Commercial & Industrial,Construction Estimates,Home Builders,,,,,
Hois Construction Inc,Hois Construction Inc,,451 Raymond Ave,San Francisco,CA,94134,(415) 333-7282,Building Contractors-Commercial & Industrial,General Contractors,Altering & Remodeling Contractors,,,,,
Desilva Gates Construction,Desilva Gates Construction,,150 Executive Park Blvd,San Francisco,CA,94134,(415) 715-2960,Building Contractors-Commercial & Industrial,General Contractors,Home Builders,,,,,
Cal State Constructors,Cal State Constructors,,5 Thomas Mellon Cir,San Francisco,CA,94134,(415) 508-0441,Building Contractors-Commercial & Industrial,General Contractors,Home Builders,,,,,
Avalon Construction Co,Avalon Construction Co,,5 Thomas Mellon Cir Ste 300,San Francisco,CA,94134,(415) 656-1924,Building Contractors-Commercial & Industrial,Construction Management,Home Builders,,,,,
Sypult Construction,Sypult Construction,,513 Parnassus Ave,San Francisco,CA,94143,(415) 753-1030,Building Contractors-Commercial & Industrial,Home Builders,,,,,,
Dome Construction Corporation,Dome Construction Corporation,,1500 Owens St,San Francisco,CA,94158,(415) 864-4150,Building Contractors-Commercial & Industrial,Home Builders,Construction Management,,,,,
Clark Construction,Clark Construction,,1400 6th St,San Francisco,CA,94158,(415) 593-7000,Building Contractors-Commercial & Industrial,Home Builders,Real Estate Developers,,,,,
Geocell Systems Inc,Geocell Systems Inc,,54 Pier Ste 201,San Francisco,CA,94158,(415) 541-5300,Building Contractors-Commercial & Industrial,General Contractors,Building Construction Consultants,,,,,
Mr Plastics,Mr Plastics,,844 Doolittle Dr,San Leandro,CA,94577,(510) 957-3867,Building Contractors-Commercial & Industrial,Plastics-Supply Centers,"Plastics-Vacuum, Pressure & Thermoforming",,,,,
Mr Plastics,Mr Plastics,,844 Doolittle Dr,San Leandro,CA,94577,(510) 394-1465,Building Contractors-Commercial & Industrial,Plastics-Molders,"Plastics-Fabricating, Finishing & Decorating",,,,,
FMK Construction Inc.,FMK Construction Inc.,,1366 Doolittle Dr,San Leandro,CA,94577,(510) 568-2445,Building Contractors-Commercial & Industrial,Building Contractors,Concrete Contractors,,,,,
General Roofing Co.,General Roofing Co.,,3309 Elmwood Ave,Oakland,CA,94601,(510) 761-9610,Building Contractors-Commercial & Industrial,Building Contractors,Roofing Services Consultants,BBB Rating: A+,,,,
Tama Painting Co,Tama Painting Co,,65 N Rancho Pl,El Sobrante,CA,94803,(510) 758-6060,Building Contractors-Commercial & Industrial,Painting Contractors,Waterproofing Contractors,,,,,
Fontana Construction Inc,Fontana Construction Inc,,1945 Francisco Blvd E,San Rafael,CA,94901,(415) 457-1290,Building Contractors-Commercial & Industrial,Construction Management,Construction Consultants,BBB Rating: A+,,,,
Roto-Rooter,Roto-Rooter,,885 Olive Ave Ste D,Novato,CA,94945,(415) 898-2700,Building Contractors-Commercial & Industrial,Sewer Contractors,Building Contractors,,,,,
F P Builders,F P Builders,,401 Bel Marin Keys Blvd Ste F,Novato,CA,94949,(415) 883-9465,Building Contractors-Commercial & Industrial,Building Contractors,Home Repair & Maintenance,BBB Rating: A+,,,,
Sonoma-Marin Construction,Sonoma-Marin Construction,,1077 Lakeville St,Petaluma,CA,94952,(707) 981-4005,Building Contractors-Commercial & Industrial,General Contractors,Concrete Pumping Contractors,,,,,
Wedge Roofing,Wedge Roofing,,5 Casa Grande Rd,Petaluma,CA,94954,(888) 763-7663,Building Contractors-Commercial & Industrial,Building Contractors,Roofing Contractors,,,,,
Metal Roof Systems Inc.,Metal Roof Systems Inc.,,1309 Ross St Ste C,Petaluma,CA,94954,(707) 666-0156,Building Contractors-Commercial & Industrial,Building Construction Consultants,Construction Consultants,,,,,
